{"information": {"/content/drive/MyDrive/Colab_Notebooks/custom_dataset/images/val/IMG_20230514_155236_0.jpg": {"shape": [1024, 1024], "labels": [[0.0, 0.09309899806976318, 0.554036021232605, 0.06900999695062637, 0.0742190033197403]]}, "/content/drive/MyDrive/Colab_Notebooks/custom_dataset/images/val/IMG_20230514_155236_1.jpg": {"shape": [1024, 1024], "labels": [[0.0, 0.3658849895000458, 0.47070300579071045, 0.109375, 0.11849000304937363], [0.0, 0.3522140085697174, 0.953125, 0.08463499695062637, 0.09375]]}, "/content/drive/MyDrive/Colab_Notebooks/custom_dataset/images/val/IMG_20230514_155236_2.jpg": {"shape": [1024, 1024], "labels": []}, "/content/drive/MyDrive/Colab_Notebooks/custom_dataset/images/val/IMG_20230514_155236_3.jpg": {"shape": [1024, 1024], "labels": [[0.0, 0.3717449903488159, 0.4303390085697174, 0.0898440033197403, 0.09244800359010696], [0.0, 0.4055989980697632, 0.9348959922790527, 0.0898440033197403, 0.09114599972963333]]}, "/content/drive/MyDrive/Colab_Notebooks/custom_dataset/images/val/IMG_20230514_155236_4.jpg": {"shape": [1024, 1024], "labels": [[0.0, 0.09635400027036667, 0.39583298563957214, 0.12239599972963333, 0.17447899281978607], [0.0, 0.09375, 0.9121090173721313, 0.1171879991889, 0.0976559966802597]]}, "/content/drive/MyDrive/Colab_Notebooks/custom_dataset/images/val/IMG_20230514_155236_5.jpg": {"shape": [1024, 1024], "labels": [[0.0, 0.3795570135116577, 0.9283850193023682, 0.11588499695062637, 0.14322899281978607]]}, "/content/drive/MyDrive/Colab_Notebooks/custom_dataset/images/val/IMG_20230514_155238_0.jpg": {"shape": [1024, 1024], "labels": [[0.0, 0.6777340173721313, 0.3867189884185791, 0.10286500304937363, 0.10416699945926666], [0.0, 0.6686199903488159, 0.8723959922790527, 0.061197999864816666, 0.08854199945926666]]}, "/content/drive/MyDrive/Colab_Notebooks/custom_dataset/images/val/IMG_20230514_155238_1.jpg": {"shape": [1024, 1024], "labels": []}, "/content/drive/MyDrive/Colab_Notebooks/custom_dataset/images/val/IMG_20230514_155238_2.jpg": {"shape": [1024, 1024], "labels": [[0.0, 0.6829429864883423, 0.36132800579071045, 0.0898440033197403, 0.0898440033197403], [0.0, 0.7154949903488159, 0.8730469942092896, 0.08463499695062637, 0.10025999695062637]]}, "/content/drive/MyDrive/Colab_Notebooks/custom_dataset/images/val/IMG_20230514_155238_3.jpg": {"shape": [1024, 1024], "labels": [[0.0, 0.8723959922790527, 0.5813800096511841, 0.078125, 0.0976559966802597], [0.0, 0.8619790077209473, 0.20833300054073334, 0.0625, 0.08854199945926666]]}, "/content/drive/MyDrive/Colab_Notebooks/custom_dataset/images/val/IMG_20230514_155238_4.jpg": {"shape": [1024, 1024], "labels": [[0.0, 0.671875, 0.8802080154418945, 0.1171879991889, 0.15885399281978607]]}, "/content/drive/MyDrive/Colab_Notebooks/custom_dataset/images/val/IMG_20230514_155238_5.jpg": {"shape": [1024, 1024], "labels": [[0.0, 0.8971350193023682, 0.14322899281978607, 0.07291699945926666, 0.08333300054073334], [0.0, 0.9127600193023682, 0.5214840173721313, 0.05729199945926666, 0.045572999864816666]]}}, "image_hash": "5eb256624c33eaf69a101dd91a7adf1b", "label_hash": "2b44bdf77de06442df42dc8b99cb2da6"}