                  epoch,         train/box_loss,         train/cls_loss,         train/dfl_loss,   metrics/precision(B),      metrics/recall(B),       metrics/mAP50(B),    metrics/mAP50-95(B),           val/box_loss,           val/cls_loss,           val/dfl_loss,                 lr/pg0,                 lr/pg1,                 lr/pg2
                      1,                  3.679,                 11.848,                  4.205,                  7e-05,                0.04545,                  4e-05,                  2e-05,                 3.6177,                 7.2311,                 4.1582,                0.00038,                0.00038,                0.00038
                      2,                 3.4564,                 11.627,                 3.8984,                0.00018,                0.13636,                0.00013,                  4e-05,                 3.6171,                 6.5119,                 4.1474,             0.00070278,             0.00070278,             0.00070278
                      3,                 3.3231,                 8.3913,                 3.9478,                0.00019,                0.13636,                0.00011,                  4e-05,                 3.6128,                 6.1843,                 4.1394,             0.00094636,             0.00094636,             0.00094636
                      4,                 3.4364,                 7.3234,                 3.7955,                0.00013,                0.09091,                  7e-05,                  2e-05,                 3.6121,                 5.6264,                 4.1516,              0.0011107,              0.0011107,              0.0011107
                      5,                 2.9987,                 7.0947,                 3.6531,                0.00012,                0.09091,                0.00011,                  3e-05,                 3.5903,                 8.2044,                 4.1468,              0.0011959,              0.0011959,              0.0011959
                      6,                  3.055,                 7.2514,                 3.5396,                0.00017,                0.13636,                 0.0001,                  3e-05,                 3.6006,                 826.56,                 4.1929,                0.00101,                0.00101,                0.00101
