{"information": {"/content/drive/MyDrive/Colab_Notebooks/custom_dataset/images/train/IMG_20230514_155216_0.jpg": {"shape": [1024, 1024], "labels": [[0.0, 0.3899739980697632, 0.5833330154418945, 0.14973999559879303, 0.1953130066394806]]}, "/content/drive/MyDrive/Colab_Notebooks/custom_dataset/images/train/IMG_20230514_155216_1.jpg": {"shape": [1024, 1024], "labels": [[0.0, 0.5976560115814209, 0.16536499559879303, 0.10416699945926666, 0.17708300054073334], [0.0, 0.5690100193023682, 0.6523439884185791, 0.06510400027036667, 0.09114599972963333]]}, "/content/drive/MyDrive/Colab_Notebooks/custom_dataset/images/train/IMG_20230514_155216_2.jpg": {"shape": [1024, 1024], "labels": []}, "/content/drive/MyDrive/Colab_Notebooks/custom_dataset/images/train/IMG_20230514_155216_3.jpg": {"shape": [1024, 1024], "labels": [[0.0, 0.5286459922790527, 0.10025999695062637, 0.0859379991889, 0.20051999390125275]]}, "/content/drive/MyDrive/Colab_Notebooks/custom_dataset/images/train/IMG_20230514_155216_4.jpg": {"shape": [1024, 1024], "labels": [[0.0, 0.2617189884185791, 0.3834640085697174, 0.15625, 0.07942699640989304], [0.0, 0.24804699420928955, 0.8652340173721313, 0.08463499695062637, 0.10025999695062637]]}, "/content/drive/MyDrive/Colab_Notebooks/custom_dataset/images/train/IMG_20230514_155216_5.jpg": {"shape": [1024, 1024], "labels": [[0.0, 0.42773398756980896, 0.524088978767395, 0.07942699640989304, 0.05598999932408333], [0.0, 0.39648398756980896, 0.8945310115814209, 0.05859399959445, 0.15364600718021393]]}, "/content/drive/MyDrive/Colab_Notebooks/custom_dataset/images/train/IMG_20230514_155219_0.jpg": {"shape": [1024, 1024], "labels": [[0.0, 0.2923179864883423, 0.36523398756980896, 0.0976559966802597, 0.16276000440120697], [0.0, 0.29427099227905273, 0.8613280057907104, 0.08854199945926666, 0.11849000304937363]]}, "/content/drive/MyDrive/Colab_Notebooks/custom_dataset/images/train/IMG_20230514_155219_1.jpg": {"shape": [1024, 1024], "labels": [[0.0, 0.508463978767395, 0.3502599895000458, 0.08463499695062637, 0.078125], [0.0, 0.4928390085697174, 0.8984379768371582, 0.10286500304937363, 0.078125]]}, "/content/drive/MyDrive/Colab_Notebooks/custom_dataset/images/train/IMG_20230514_155219_2.jpg": {"shape": [1024, 1024], "labels": [[0.0, 0.27539101243019104, 0.7246090173721313, 0.14713500440120697, 0.19401000440120697]]}, "/content/drive/MyDrive/Colab_Notebooks/custom_dataset/images/train/IMG_20230514_155219_3.jpg": {"shape": [1024, 1024], "labels": [[0.0, 0.45572900772094727, 0.2649739980697632, 0.10416699945926666, 0.17057299613952637], [0.0, 0.4576820135116577, 0.7291669845581055, 0.061197999864816666, 0.08854199945926666]]}, "/content/drive/MyDrive/Colab_Notebooks/custom_dataset/images/train/IMG_20230514_155219_4.jpg": {"shape": [1024, 1024], "labels": []}, "/content/drive/MyDrive/Colab_Notebooks/custom_dataset/images/train/IMG_20230514_155219_5.jpg": {"shape": [1024, 1024], "labels": [[0.0, 0.4498699903488159, 0.17317700386047363, 0.08724000304937363, 0.20052100718021393]]}, "/content/drive/MyDrive/Colab_Notebooks/custom_dataset/images/train/IMG_20230514_155221_0.jpg": {"shape": [1024, 1024], "labels": [[0.0, 0.32617199420928955, 0.3033849895000458, 0.11849000304937363, 0.05208300054073334], [0.0, 0.3528650104999542, 0.8619790077209473, 0.08072900027036667, 0.08072900027036667]]}, "/content/drive/MyDrive/Colab_Notebooks/custom_dataset/images/train/IMG_20230514_155221_1.jpg": {"shape": [1024, 1024], "labels": [[0.0, 0.6061199903488159, 0.8378909826278687, 0.1210940033197403, 0.13151000440120697]]}, "/content/drive/MyDrive/Colab_Notebooks/custom_dataset/images/train/IMG_20230514_155221_2.jpg": {"shape": [1024, 1024], "labels": [[0.0, 0.3059900104999542, 0.36914101243019104, 0.10416699945926666, 0.17317700386047363], [0.0, 0.3125, 0.897786021232605, 0.09375, 0.11588499695062637]]}, "/content/drive/MyDrive/Colab_Notebooks/custom_dataset/images/train/IMG_20230514_155221_3.jpg": {"shape": [1024, 1024], "labels": [[0.0, 0.5950520038604736, 0.35351601243019104, 0.08854199945926666, 0.08724000304937363], [0.0, 0.5742189884185791, 0.9199219942092896, 0.10416699945926666, 0.0898440033197403]]}, "/content/drive/MyDrive/Colab_Notebooks/custom_dataset/images/train/IMG_20230514_155221_4.jpg": {"shape": [1024, 1024], "labels": [[0.0, 0.2845050096511841, 0.8066409826278687, 0.14713500440120697, 0.20182299613952637]]}, "/content/drive/MyDrive/Colab_Notebooks/custom_dataset/images/train/IMG_20230514_155221_5.jpg": {"shape": [1024, 1024], "labels": [[0.0, 0.5338540077209473, 0.32291701436042786, 0.109375, 0.18489600718021393], [0.0, 0.5338540077209473, 0.8033850193023682, 0.0703129991889, 0.09375]]}, "/content/drive/MyDrive/Colab_Notebooks/custom_dataset/images/train/IMG_20230514_155225_0.jpg": {"shape": [1024, 1024], "labels": [[0.0, 0.1321610063314438, 0.8014320135116577, 0.10286500304937363, 0.13151000440120697]]}, "/content/drive/MyDrive/Colab_Notebooks/custom_dataset/images/train/IMG_20230514_155225_1.jpg": {"shape": [1024, 1024], "labels": [[0.0, 0.3938800096511841, 0.2610679864883423, 0.045572999864816666, 0.10286500304937363], [0.0, 0.3554689884185791, 0.7076820135116577, 0.1015629991889, 0.1210940033197403]]}, "/content/drive/MyDrive/Colab_Notebooks/custom_dataset/images/train/IMG_20230514_155225_2.jpg": {"shape": [1024, 1024], "labels": [[0.0, 0.17122399806976318, 0.7454429864883423, 0.0820309966802597, 0.07161500304937363], [0.0, 0.12434899806976318, 0.19401000440120697, 0.0976559966802597, 0.046875]]}, "/content/drive/MyDrive/Colab_Notebooks/custom_dataset/images/train/IMG_20230514_155225_3.jpg": {"shape": [1024, 1024], "labels": [[0.0, 0.4134109914302826, 0.7070310115814209, 0.11588499695062637, 0.125]]}, "/content/drive/MyDrive/Colab_Notebooks/custom_dataset/images/train/IMG_20230514_155225_4.jpg": {"shape": [1024, 1024], "labels": [[0.0, 0.11979199945926666, 0.25520798563957214, 0.09635400027036667, 0.18489600718021393], [0.0, 0.13476599752902985, 0.78125, 0.08724000304937363, 0.10677099972963333]]}, "/content/drive/MyDrive/Colab_Notebooks/custom_dataset/images/train/IMG_20230514_155225_5.jpg": {"shape": [1024, 1024], "labels": [[0.0, 0.41145798563957214, 0.20572899281978607, 0.0859379991889, 0.0859379991889], [0.0, 0.4101560115814209, 0.774088978767395, 0.11197900027036667, 0.11067699640989304]]}, "/content/drive/MyDrive/Colab_Notebooks/custom_dataset/images/train/IMG_20230514_155227_0.jpg": {"shape": [1024, 1024], "labels": [[0.0, 0.15364600718021393, 0.6914060115814209, 0.11458300054073334, 0.19010399281978607], [0.0, 0.17317700386047363, 0.14973999559879303, 0.08333300054073334, 0.09635400027036667]]}, "/content/drive/MyDrive/Colab_Notebooks/custom_dataset/images/train/IMG_20230514_155227_1.jpg": {"shape": [1024, 1024], "labels": [[0.0, 0.4329429864883423, 0.11458300054073334, 0.10807300359010696, 0.07291699945926666], [0.0, 0.4179689884185791, 0.6158850193023682, 0.07552099972963333, 0.06510400027036667]]}, "/content/drive/MyDrive/Colab_Notebooks/custom_dataset/images/train/IMG_20230514_155227_2.jpg": {"shape": [1024, 1024], "labels": [[0.0, 0.15169300138950348, 0.6835939884185791, 0.10807300359010696, 0.09114599972963333], [0.0, 0.8424479961395264, 0.3841150104999542, 0.078125, 0.08072900027036667]]}, "/content/drive/MyDrive/Colab_Notebooks/custom_dataset/images/train/IMG_20230514_155227_3.jpg": {"shape": [1024, 1024], "labels": [[0.0, 0.38802099227905273, 0.6106770038604736, 0.10416699945926666, 0.12239599972963333], [0.0, 0.4368489980697632, 0.15755200386047363, 0.04296899959445, 0.09635400027036667]]}, "/content/drive/MyDrive/Colab_Notebooks/custom_dataset/images/train/IMG_20230514_155227_4.jpg": {"shape": [1024, 1024], "labels": [[0.0, 0.15690100193023682, 0.6308590173721313, 0.0820309966802597, 0.0742190033197403], [0.0, 0.13085900247097015, 0.05143199861049652, 0.10807300359010696, 0.08463499695062637]]}, "/content/drive/MyDrive/Colab_Notebooks/custom_dataset/images/train/IMG_20230514_155227_5.jpg": {"shape": [1024, 1024],